Names,Price,Minimum Orders,Total Sold,Supplier Name,Supplier's Experience,Supplier Country,Supplier Rating
Princepard New Arrival Orthopedic Kids Shoes High Ankle Sport Shoes For Boys And Girls Club Foot Orthopedic Children Shoes,US$31.20,Min. order: 1 pair,5 sold,"Guangzhou Superocean Import And Export Co., Ltd.8 yrsCN4.8/5.0 (56)",8 yrs,CN,4.8/5.0 (56)
Men's 2025 Spring Casual Sports Sneakers Small White PVC Insole PU Lining Trendy Solid Pattern Versatile for Daily Sports Use,US$9.20,Min. order: 2 pairs,488 sold,"Xiamen Kaisun Trading Co., Ltd.6 yrsCN4.6/5.0 (39)",6 yrs,CN,4.6/5.0 (39)
New Arrival Korean Walking Style Men's Casual Shoes Summer Teenagers Students Daily Wear Skateboard Shoes,US$3.63,Min. order: 50 pairs,1 sold,"Ruian Nuolaide Shoe Industry Co., Ltd.3 yrsCN4.6/5.0 (33)",3 yrs,CN,4.6/5.0 (33)
Women's Casual Shoes Wholesale Flats Sport Sandals Candy Color Boots with Button Closure Factory Price Lady Shoes,US$1.49,Min. order: 2 pieces,3 sold,"Yiwu Yongge Shoes Co., Ltd.7 yrsCN4.0/5.0 (1993)",7 yrs,CN,4.0/5.0 (1993)
DianSen New 2024 Custom Steel Toe Sneakers Anti-smashing Work Safety Shoes 266,US$12.99,Min. order: 1 pair,174 sold,"Yiwu Diansen Shoes Co., Ltd.6 yrsCN4.6/5.0 (77)",6 yrs,CN,4.6/5.0 (77)
Spring Autumn Thick-insole Breathable Casual White Shoes Walking Style Sports Running Men's Skateboard Shoes,US$3.55-4.55,Min. order: 2 pairs,134 sold,"Ruian Mingbao Import And Export Co., Ltd.7 yrsCN4.4/5.0 (343)",7 yrs,CN,4.4/5.0 (343)
Mix and Match Shoes Used Shoes Stock Shoes Wholesale Price Discount,US$0.79-0.99,Min. order: 2 pieces,N/A,CYGNET INTERNATIONAL HOLDINGS U LTD1  yrUG,1  yr,UG,N/A
Men's Trendy and Versatile Thick-Soled Non-Slip Sports Shoes PU Casual Shoes with Mesh Lining for Spring and Autumn,US$1.77-2.66,Min. order: 2 pairs,165 sold,"Wenzhou Jikexing Trading Co., Ltd.1  yrCN4.3/5.0 (192)",1  yr,CN,4.3/5.0 (192)
New Men's Shoes Breathable Little White Shoes Thick Sole Sports and Casual Board Shoes,US$3.53-3.82,Min. order: 20 pairs,N/A,"Wenzhou Tahong Trading Co., Ltd.1  yrCN5.0/5.0 (1)",1  yr,CN,5.0/5.0 (1)
YATAI Men's Sporty New Fashion Sneakers Breathable Casual Mesh Upper Fabric Running Shoes for Summer Spring and Autumn,US$1.59,Min. order: 1 pair,42 sold,Wenxian Yatai Shoes Factory5 yrsCN4.2/5.0 (259),5 yrs,CN,4.2/5.0 (259)
Men's Shoes Spring and Autumn New Waterproof Sports Shoes Casual Trendy Shoes,US$2.21,Min. order: 1 piece,47 sold,"Yiwu Langge Crafts Co., Ltd.8 yrsCN3.7/5.0 (85)",8 yrs,CN,3.7/5.0 (85)
2024 Hot Sale Square Head Single Strap Bow Decoration Ladies Slippers Indoor Outdoor Flat Sandals for Women and Ladies,US$0.72-0.88,Min. order: 2 pairs,648 sold,Jieyang City Rongcheng District Mudina Shoe Factory2 yrsCN4.2/5.0 (361),2 yrs,CN,4.2/5.0 (361)
Dropship Top Quality Fashionable Thick-soled Luxury Designer Casual Shoes Women's Platform Sports Shoes and Men's,US$110.90,Min. order: 1 box,167 sold,"Quanzhou Weiyang Electronic Commerce Co., Ltd.4 yrsCN4.6/5.0 (121)",4 yrs,CN,4.6/5.0 (121)
Men's Casual Business Oxford Style Leather PU Summer Weddings Popular Luxury Slip On Sneakers Formal Business Dress Shoes,US$7-9.60,Min. order: 1 set,19 sold,Yiwu Jinjin E-Commerce Firm1  yrCN4.6/5.0 (104),1  yr,CN,4.6/5.0 (104)
Wholesale Men's Breathable Sports Shoes Thin Running Mesh Shoes Lightweight Breathable,US$1.59,Min. order: 2 pairs,14 sold,"Wenzhou Qingmao Technology Co., Ltd.1  yrCN4.1/5.0 (30)",1  yr,CN,4.1/5.0 (30)
Women's New Fashion Thick Sole Winter Snow Boots Warm Cotton for Slippers with Closed Toe Fuzzy Plush Home Shoes for Summer,US$1.50-1.80,Min. order: 20 pairs,313 sold,"Yiwu Junzhu Shoe Industry Co., Ltd.2 yrsCN4.7/5.0 (32)",2 yrs,CN,4.7/5.0 (32)
Wholesale Ladies Sandals Comfortable Heeled Round Wedges Rubber Sole Fast Delivery Platform Wedge For Women Women,US$5.20-6.99,Min. order: 2 pieces,6 sold,"Taizhou Duoya Shoes Co., Ltd.3 yrsCN4.4/5.0 (985)",3 yrs,CN,4.4/5.0 (985)
Low Price Breathable New Mesh Casual Sneakers Walking Style Men's Thick Soled Sports Nem's Casual Shoes,US$3.89-5.59,Min. order: 1 pack,6 sold,"Ruian Youfu Footwear Co., Ltd.2 yrsCN4.3/5.0 (367)",2 yrs,CN,4.3/5.0 (367)
New Fashion Sports Shoes Women's Casual Walking Shoes Lightweight Breathable Sports Shoes,US$1.59-2.10,Min. order: 2 pieces,70 sold,"Shaoxing Yili Trading Co., Ltd.1  yrCN3.9/5.0 (238)",1  yr,CN,3.9/5.0 (238)
Hongyan New Korean Casual Women's Shoes Daddy Shoes Flying Mesh Surface Breathable Sports Shoes,US$2.99,Min. order: 2 pairs,20 sold,Jiaozuo Hongyan Shoe Factory3 yrsCN4.2/5.0 (891),3 yrs,CN,4.2/5.0 (891)
New Oversized Trendy and Versatile Young Men's Business Dress Leather Shoes for Men,US$3.50-3.80,Min. order: 2 pairs,2 sold,"Wenzhou Zuma Technology Co., Ltd.2 yrsCN4.5/5.0 (158)",2 yrs,CN,4.5/5.0 (158)
Luxury Designer logo Top Quality Luxury Casual Sneakers Training Shoes Men's Luxury Original Sports Shoes Men's Running Shoes,US$45-49,Min. order: 1 piece,208 sold,"Shenzhen Huashe International Trading Co., Ltd.1  yrCN4.9/5.0 (4)",1  yr,CN,4.9/5.0 (4)
JSYWD-310 2025 Men Shoes Sneakers Loafer Custom New Design Mens Running Sneakers Breathable Fitness Walking Style Shoes for Men,US$2.98-3.43,Min. order: 100 pairs,"2,648 sold","Luoyang Jinshiyuan Import And Export Co., Ltd.5 yrsCN4.7/5.0 (155)",5 yrs,CN,4.7/5.0 (155)
2025 New High Quality Casual Black Sports Shoes Head Thick Sole White Small Size Loafers Cushioning Walking Shoes for Summer,US$29.99,Min. order: 1 pair,72 sold,Huidong Huangbu Guzi Miao Miao Shoe Factory4 yrsCN4.0/5.0 (31),4 yrs,CN,4.0/5.0 (31)
Y Factory Price Customized Shoes for Men New Walking Style Styles Casual Shoe Sport Running Sneakers Chaussures Pour Hommes,US$5.50,Min. order: 1 pair,347 sold,"Guangzhou Xingyuan Import & Export Trade Co., Ltd.4 yrsCN4.1/5.0 (333)",4 yrs,CN,4.1/5.0 (333)
Chelsea Height Increasing Formal Fashion Ankle Genuine Leather Office Career Patent Leather Cowboy Cowboy Boots Men Shoes,US$13.40-15.80,Min. order: 2 pairs,60 sold,"Chengdu Ahmed Trading Co., Ltd.3 yrsCN4.7/5.0 (150)",3 yrs,CN,4.7/5.0 (150)
Custom High Quality Unisex Custom Mule Shoes Clog Suede Cork Clogs Shoes for Women Men Anti slip Slippers Mules Clogs Shoes,US$19.34,Min. order: 2 pairs,34 sold,"Huizhou Jianyi Shoes Co., Ltd.1  yrCN4.7/5.0 (60)",1  yr,CN,4.7/5.0 (60)
Custom Logo/Letters Fashion Ladies Comfortable Soft Faux Fur Warm Slippers Bedroom Indoor Shoes Winter House Slippers Women,US$1.84,Min. order: 2 pairs,"1,627 sold","Fuzhou Zhongqian Import And Export Trading Co., Ltd.6 yrsCN4.4/5.0 (226)",6 yrs,CN,4.4/5.0 (226)
Casual Summer Beach Shoes for Men Women Hole Design Thick Sole for Increased Non-slip Wear-resistance Breathable Platform Style,US$5.74-6.50,Min. order: 2 pieces,315 sold,"Shantou Hemeng Trading Co., Ltd.1  yrCN4.6/5.0 (11)",1  yr,CN,4.6/5.0 (11)
Summer Flip Flops Anti slip Women Beach Shoes Women Flip Flops Summer Soft slippers Beach Slides Flip Flops,US$1.25,Min. order: 1 pair,219 sold,"Dongguan Chen Yu Industry And Trade Co., Ltd.5 yrsCN4.8/5.0 (29)",5 yrs,CN,4.8/5.0 (29)
Top Quality Men Shoelaces Black Shoes New Style Casual Sneakers Walking Style Mens Shoes,US$79-81,Min. order: 2 pairs,18 sold,"Zaoqiang Junxi Trading Co., Ltd.1  yrCN4.8/5.0 (83)",1  yr,CN,4.8/5.0 (83)
Fashion 2025 Winter Cotton Anti-Slip Fuzzy Warm Home House Plush Shoes Femmes Ladies Teenage Men Slides Slippers for Women,US$0.97,Min. order: 2 pieces,399 sold,"Hangzhou Susei Trading Co., Ltd.1  yrCN4.4/5.0 (116)",1  yr,CN,4.4/5.0 (116)
Birkestock Indoor Home Fashion Half Fur Slides Soft Cotton Fox Fur for Summer Winter Spring Anti-Warm Couples EVA Outdoor,US$1.96,Min. order: 2 pairs,129 sold,"Fuzhou Bofeng Shoe Industry Co., Ltd.2 yrsCN4.4/5.0 (8)",2 yrs,CN,4.4/5.0 (8)
Spring Autumn Children's Sneakers Toddlers Girls Boys Pu Breathable Lace-up Baby Casual Sport Shoes Kids Casual Shoes,US$5.15,Min. order: 2 pairs,7 sold,"Yiwu Children's Companion Clothing Co., Ltd.2 yrsCN4.6/5.0 (44)",2 yrs,CN,4.6/5.0 (44)
New Fashion Summer Outdoor Flat Sandal for Women Girls Korean Style Open Toe Beach Shoes Casual Daily Shopping Slipper Platform,US$1.45,Min. order: 2 pairs,"1,427 sold","Shenzhen Ou Fashion Imp. & Exp. Co., Ltd.7 yrsCN4.3/5.0 (2673)",7 yrs,CN,4.3/5.0 (2673)
2024 European American Women's Woven Beach Slippers Solid Color Plus Size Outer Wear Sandals With PU Insole for Summer,US$2.99,Min. order: 2 pieces,650 sold,Taizhou Huangyan Muxi Shoe Business Firm1  yrCN4.4/5.0 (270),1  yr,CN,4.4/5.0 (270)
2025 New Fashion Famous Designer Luxury Women Summer Shoes Ladies Slides Slippers Flat for Women,US$12.60,Min. order: 2 pairs,121 sold,Xiushui County Shang Hang Xiang Mo Miao Electronic Foreign Trade Firm4 yrsCN4.9/5.0 (28),4 yrs,CN,4.9/5.0 (28)
Low Top Casual Walking Flats Shoes Sneakers Fashion Canvas Flat Shoes Sneakers Trainers,US$3.98-4.28,Min. order: 1 piece,5 sold,"Henan Luoyang Spotlight Textile Co., Ltd.6 yrsCN4.0/5.0 (603)",6 yrs,CN,4.0/5.0 (603)
2025 Summer Design Casual Shoes Women Rhinestone Flat Sandals Square Toe Crystal Ladies Flip Flops Slipper Sandals for Women,US$3.81,Min. order: 2 pairs,25 sold,Wenling City Zheguo Yao Xi  Shoes Industry Firm1  yrCN4.4/5.0 (64),1  yr,CN,4.4/5.0 (64)
New Fashion Summer Running Shoes for Men Low-Top Board Canvas Sneakers for Couples Students Comfortable Rubber Insole,US$4.15-4.50,Min. order: 10 pairs,16 sold,"Jiangyin Qiwei International Trade Co., Ltd.2 yrsCN4.5/5.0 (28)",2 yrs,CN,4.5/5.0 (28)
2025 Designer Sports Shoes for Men Comfortable Non-slip Breathable Running Shoes Gel Outdoor Air Cushion Basketball Shoes Summer,US$9-40,Min. order: 1 unit,75 sold,"Quanzhou Luojiang Huili Trading Import And Export Co., Ltd.1  yrCN4.8/5.0 (67)",1  yr,CN,4.8/5.0 (67)
2024 Fashion Men Dad Chunky Shoes Wholesale PU Leather Platform Sneakers,US$4.10,Min. order: 2 pairs,23 sold,Minhou County Qingkou Town Lin Weihao Shoes And Clothing Firm (individual Business )2 yrsCN4.2/5.0 (468),2 yrs,CN,4.2/5.0 (468)
Kim Ji-soo Style ALO Thick-Soled Sports Shoes Summer Cushioning Breathable Casual Jogging Shoes Mesh Cross-Border Exclusive,US$26.40,Min. order: 2 pieces,10 sold,Quanzhou Taiwan Business Investment Zone Lanxiang Tea Shop1  yrCN,1  yr,CN,N/A
Wholesale Custom Indoor Warm Winter House Shoes Cute Home Slippers Sports Slippers Plush Sneaker for Men,US$4.90-5.90,Min. order: 1 pair,450 sold,"Yangzhou Fan Gift Trading Co., Ltd.4 yrsCN4.7/5.0 (12)",4 yrs,CN,4.7/5.0 (12)
Dropshipping Service Top Quality Women Unisex Fashion Double-Breasted Durable Cork Sole Women Leather Sandal Shoes,US$14.88,Min. order: 2 pieces,43 sold,Jieyang City Jiedong Pandong Yibu Shoes Factory1  yrCN4.5/5.0 (71),1  yr,CN,4.5/5.0 (71)
Deran OEM Casual Nurse Shoes for Women Men Hole China Design Thick Sole for Increased Non-slip Crocks Shoes Sandals,US$1.95-4.25,Min. order: 50 pairs,31 sold,"Quanzhou Zhengzheng Hao Trading Co., Ltd.2 yrsCN4.8/5.0 (30)",2 yrs,CN,4.8/5.0 (30)
New Comfortable Mens Alpargata Espadrilles for Women Breathable Canvas Slip on Flats Shoes,US$6.50,Min. order: 2 pairs,24 sold,Yiwu Yanjoo E-Business Firm (individual Business)2 yrsCN4.7/5.0 (31),2 yrs,CN,4.7/5.0 (31)
